,Average Sentiment,Tweet
BTC,0.18988636363636363,"[['RT @ape280: $BTC Bart or Crab until FOMC most likely\n\nMay Powell save us https://t.co/hwBAsJ46iK', '2022-01-25T16:38:00.000Z'], ['RT @kamiya_en: ã¨ã‚ã‚‹ä»®æƒ³é€šè²¨ã§éå»æœ€é«˜ã®åˆ©ç›ŠãŒå‡ºãŸã‚“ã§ã€æ—¥æœ¬å††ã«ç¾é‡‘åŒ–ã—ã¾ã—ãŸã€‚\n\næ™¯æ°—ä»˜ã‘ã«1åã«2000ä¸‡å††ãƒ—ãƒ¬ã‚¼ãƒ³ãƒˆã—ãŸã„ã¨æ€ã„ã¾ã™ã€‚\n\næ˜æ—¥ç· ã‚åˆ‡ã‚‹ã®ã§æ¬²ã—ã„äººã¯ãƒªãƒ„ã‚¤ãƒ¼ãƒˆã¨ãƒ•ã‚©ãƒ­ãƒ¼ã§ãŠå¾…ã¡ãã ã•ã„ã€‚\nå½“é¸è€…ã«ã¯DMã§é€£çµ¡ã—ã¾ã™ã€‚\n\n(åŸºæœ¬ã¯éŠ€è¡ŒæŒ¯è¾¼ã§ã™â€¦', '2022-01-25T16:37:59.000Z'], ['RT @CrypoGemFinder: @Marvin_Inu this is the new 1000x gem this is the new #FLOKI #shiba #BabyDoge this train is leaving the station make suâ€¦', '2022-01-25T16:37:59.000Z'], [""@Bishop_BTC @TheCryptoDog Trading bitcoin is so real with @Jeffery1burt at first I thought it was a joke, not until I got my first payout since then I've been trading on his platform . It earns me much to take good care of my family thanks so much for your  trusted platform. for more info dm him"", '2022-01-25T16:37:58.000Z'], ['@SeazonCS @NatManiaci @Bitcoin Nearly turned a Bitcoin off #doge..it was between used lambo or bio&amp;reinvest in btc ğŸ˜‚ know when to take profits ..ğŸ™Š', '2022-01-25T16:37:58.000Z'], ['Trending on #LunarCrush:\n\n""$BTC: President of Chamber of Digital Commerce Says â€˜Bitcoin Is Undervaluedâ€™"" via @CryptoGlobeInfo\n\nTop coin mentions\n$btc\n\nhttps://t.co/l5aXCjZOh6', '2022-01-25T16:37:58.000Z'], ['RT @x7_rjx: ã€ğŸæ ªç‹ãƒ—ãƒ¬ã‚¼ãƒ³ãƒˆğŸã€‘\n\n2022å¹´ç‰¹å¤§ã£ï¼ğŸ¥¬\n\nBTC 100ä¸‡å††åˆ†ã‚’5äººã«é…ã‚‹ã‚ˆğŸ¥¬\n\nã€å¿œå‹Ÿæ–¹æ³•ã€‘\n\nâœ”ï¸ã“ã®æŠ•ç¨¿ã‚’RT\nâœ”ï¸@x7_rjxã‚’ãƒ•ã‚©ãƒ­ãƒ¼\nâœ”ï¸å›ºå®šãƒ„ã‚¤ãƒ¼ãƒˆã®RT\n\nã„ã„ã­ã®ä¸­ã‹ã‚‰å½“é¸è€…ã‚’é¸ã‚“ã§\nå½“é¸è€…ã«ã¯DMã§é€£çµ¡ã™ã‚‹ã‚ˆğŸ¥¬ https:â€¦', '2022-01-25T16:37:58.000Z'], ['Trending on #LunarCrush:\n\n""Bitcoin (BTC), Ethereum (ETH) le 25 janvier 2022 - Le bitcoin et lâ€™ether rÃ©alisent un pump"" via @CoinTribuneFR\n\nTop coin mentions\n$btc $eth\n\nhttps://t.co/alADOjeKCt', '2022-01-25T16:37:58.000Z'], ['Buy  Luffy  now  is  the  give  from  God. $LUFFY, #LUFFY  #LUFFYCREW #LUFFYTOKEN #SHIB #DOGE #Binance #Coinbase #cryptocurrency #BTC #ETH https://t.co/jZ85j25SJy', '2022-01-25T16:37:57.000Z'], [""@RNR_0 When you check ETH's cap over BTC's cap, it beat the 2018 complacency shoulder but not the top. Slightly better picture but still not that great, maybe even worse when considering EIP-1559 should have reduced the supply a bit."", '2022-01-25T16:37:57.000Z']]"
ETH,0.1662121212121212,"[['RT @NFTGifting: ğŸ”” Free #NFT AirDrop! ğŸ””\n\nâœ… â¤ï¸ &amp; RT \nâœ… Follow Me\n\nğŸ‘‰ $ETH Address Below! ğŸ’° https://t.co/48kswQva8R', '2022-01-25T16:38:28.000Z'], ['RT @thefrenchieclub: ğŸš¨GIVEAWAYğŸš¨\n\nGiving away 5 FrenchiesNFT &amp; 10 Allowlist spots for a total of 15 Winners!\n\nTo EnterğŸ‘‡ \nâœ…Follow us\nâœ…Like &amp;â€¦', '2022-01-25T16:38:28.000Z'], ['RT @pandaanft: ğŸ”” Free NFT Airdrop! ğŸ””\n\nRT + like + follow.\n\n$ETH addresses below! https://t.co/HU4ak23DG7', '2022-01-25T16:38:28.000Z'], ['RT @nftbuzz_eth: âšœï¸ NFT ART THREAD âšœï¸\n\nâœ¦ DROP YOUR BEST NFT\nâœ¦ IMAGE, GIF, VIDEO ONLY\nâœ¦ NO LINK, NO TEXT\nâœ¦ PRICE IN $ETH or $NEAR or $TEZ\nâœ¦â€¦', '2022-01-25T16:38:28.000Z'], ['RT @Petrichorak: ğŸ‰ $50 GIVEAWAY IN 24 HOURS ğŸ‰\n    \n- RT &amp; Follow @naia_nft\n- Join Discord + Verify\nhttps://t.co/OZT8Hd6WGk\n\n#NFTGiveaway #Nâ€¦', '2022-01-25T16:38:28.000Z'], ['RT @ZoomNFT: SPEED GIVEAWAY! ğŸ\n\nSomeone who RTs &amp; follows @MetaversusNFT  + likes their ğŸ“Œ in 60 mins â° gets a NFT or ETH! ğŸ”¥', '2022-01-25T16:38:28.000Z'], ['RT @Bond_NFT: 1.7ETH among the first 2000ğŸ’°\n Just Retweet &amp; Follow  10 WINNERS  #NFTs \nCome onï¼ ğŸš€ğŸš€ğŸš€\nDrop your $ETH wallet address ğŸ‘‡', '2022-01-25T16:38:28.000Z'], ['RT @NorrisAdamDoge: I have a lots of NFT &amp; Money, but not many followers, so I will send this @CyberKongz NFT to one random person (10 ETHâ€¦', '2022-01-25T16:38:28.000Z'], ['RT @EverRiseJason: Hey #RISERS have you had chance to check out the new additional stats on @EverChart yet?! ğŸ‘€\n\nPlease LIKE &amp; SUBSCRIBE toâ€¦', '2022-01-25T16:38:28.000Z'], ['RT @CaptainCrypto01: $2500ğŸ’¸  $ETH ~ 2 DAYS   ğŸ’°\n\nâœ…RT &amp; â¤ï¸\nâœ…Follow me\n\nğŸ† 1 Winners &amp; $2000  ğŸ’°', '2022-01-25T16:38:28.000Z']]"
BNB,0.11283008658008657,"[['RT @ahmette85: Following the Vitalik footprints ! @elonmusk @TokenAinu \n\n#Bitcoin #BTC #BTT #Binance #BNB #Ethereum #shiba #SHIB #ShibaArmyâ€¦', '2022-01-25T16:38:40.000Z'], ['@LilTGems @bnb_dao @forlane_ @ppitoangelnegro @31929bc57dbe412 @abarca_darwin', '2022-01-25T16:38:40.000Z'], ['RT @chinapumprocket: ShibaPeace ä»£å¹£ ($PEACE) ğŸ’\nä¸–ç•Œå’Œå¹³çš„å€¡å°è€…â˜®ï¸â˜®ï¸\n\nğŸ”¥ğŸ”¥ é å”®ç¾åœ¨é–‹å§‹ï¼ ğŸ”¥ğŸ”¥\n\nåœ°é»ï¼šPinkSales (https://t.co/8hAl2K865A)\né å”®ç‡ï¼š1 BNB = 200M PEACE\nä¸Šå¹£â€¦', '2022-01-25T16:38:39.000Z'], ['@Dennis_Porter_ @JasonPLowery ğŸš€ZETHURAğŸš€\n\nLive Privatesale(only 4 bnb left)\nâœ…KYC by Interfi\nâœ…Succes Dev\nâœ…Big Marketing&amp;Partnership\nâœ…CG &amp; CMC 24hrs after launch\nâœ…Coinsbit Listing after launch\nâœ…Metaverse,NFT,Gaming project\nTg: https://t.co/8qK8nHzF8U\n\n#zethura #spaceadventure $BTC $BSC $ETH @zethuragame https://t.co/dbuFjyZwch', '2022-01-25T16:38:39.000Z'], ['RT @cxcrypto1: Ever minted or bought #NFTs? claim your free $NIFTY airdrop. join https://t.co/HgLyzsYKJw to be the first to get it.\n\n@cctipâ€¦', '2022-01-25T16:38:39.000Z'], ['RT @betfury_gaming: â­•ï¸#BFG in a Squid NFT Worldâ­•ï¸\nhttps://t.co/p0yzx1KlRU\n\nğŸ”¥Join the first #NFT Game on #BSC with multi-crypto rewards by @â€¦', '2022-01-25T16:38:38.000Z'], ['Stay in a family where trading made easy lots of profits.  \n$RUNE $XTZ $AVAX $SOL $ADA $KAVA $LINA $BNB $FTT $FTM $ONE $RAY $MTV $OMG $BTC $SHIB https://t.co/DH3ZWRtaWF', '2022-01-25T16:38:38.000Z'], ['RT @betfury_gaming: â­•ï¸#BFG in a Squid NFT Worldâ­•ï¸\nhttps://t.co/p0yzx1KlRU\n\nğŸ”¥Join the first #NFT Game on #BSC with multi-crypto rewards by @â€¦', '2022-01-25T16:38:38.000Z'], ['RT @RichQuack: 20B $QUACK #Giveaway | 24 H | Road to 200,000 followers!\n\nğŸ‘‰ğŸ»Like, RT, follow + Notif ON\n\nShow Proof\n\n#RichQUACK #CryptoNewsâ€¦', '2022-01-25T16:38:37.000Z'], ['@elonmusk ğŸ @LOFCrypto GIVEAWAY TIME!! Who wants some free BNB and more? \n\nğŸ‰ Top point earner gets the GRAND PRIZE valued at over $1,000!! \n\nğŸ“£ After the basic tasks are done its a referral battle! Visit link below to see more details\n\nSIGN UP AND START SHARING!!\nhttps://t.co/PSmUQjpvLw https://t.co/4vHP9DIn1t', '2022-01-25T16:38:37.000Z']]"
USDT,0.06319264069264069,"[['RT @igniteyourgames: Listen up gamers ğŸ“£\n\nThe first ever #airdrop to #igniteyourgames!ğŸ‘€ğŸ\n\nIgnite your way to the top prize in the 2000 $USDTâ€¦', '2022-01-25T16:39:13.000Z'], ['RT @graffitomania: GIVEAWAY \n\n1. Follow @MetaMonero\n2. Add USDT address \n\nIf we reach 1000 people to Retweet this by Wednesday until 13 PMâ€¦', '2022-01-25T16:39:13.000Z'], ['RT @CryptoTownEU: ğŸš€ Airdrop: Wrath of Conquerors: Hegemony\nğŸ’° Value: $75,000 #USDT Pool\nğŸ‘¥ Referral: $500 Mystery Boxes  \nğŸ“’ Partnership: Expaâ€¦', '2022-01-25T16:39:13.000Z'], ['RT @kucoincom: ğŸ¥³ Metastrike (MTS) Listing Celebration \n\n5,000 $MTS â• 500 $USDT to Give Away\n\nâœ… Follow @kucoincom @MetastrikeHQ \nâœ… Retweet &amp;â€¦', '2022-01-25T16:39:13.000Z'], ['RT @Wizardara: Karastar Lands @karastargamefi #NFT auction will be launched at 2 PM UTC, Jan 26 on Official Website https://t.co/BmanrwFTMYâ€¦', '2022-01-25T16:39:12.000Z'], ['RT @tugapenft: ğŸ™ŠTug Ape NFT Club AirdropğŸ™Š\nğŸ‘‰Airdrop Link:\n      https://t.co/o99kRzEtTH\n\n ğŸTotal Airdrop RewardğŸ \n       1) 18499 TUGNFT (1â€¦', '2022-01-25T16:39:12.000Z'], ['RT @Meriti_Official: ğŸ“£ Meriti Airdrop is live!\n\nğŸ† Reward for Tasks: Up to 1,000,000 MERIT (~$10)\n\nğŸ‘¨\u200dğŸ‘©\u200dğŸ‘§ Referral Reward:   500 USDT for topâ€¦', '2022-01-25T16:39:12.000Z'], ['RT @MEXC_Global: MEXC will list $AZERO @Aleph__Zero in the Innovation Zone under AZERO/USDT trading pair at 15:00 on Jan 27 (UTC).\n\n1000 $Aâ€¦', '2022-01-25T16:39:11.000Z'], ['RT @BitKeepOS: ğŸŠThe #BitKeep 2022 CNY #NFT Gift Pack event is here. Special CNY Jackpot Blind Boxes worth 260,000 #USDT will be distributedâ€¦', '2022-01-25T16:39:11.000Z'], ['RT @airdropinspect: New airdrop: MiniBTC\nTotal Reward: $1500 MINIBTC + 500 NFT + 2,000 USDT\nRate: â­ï¸â­ï¸â­ï¸â­ï¸\nWinners: 2,000 Random &amp; Top 100â€¦', '2022-01-25T16:39:11.000Z']]"
SOL,0.1932348484848485,"[['VocÃªs que reclamaram do friozinho e da chuvinha, vocÃªs que pediram sol e calor porque nÃ£o aguentavam mais o mÃ­nimo de frio que estava fazendo, vocÃªs, eu culpo exclusivamente vocÃªs pela situaÃ§Ã£o que estamos vivendo.', '2022-01-25T16:39:25.000Z'], ['um sol p cada corno aq ğŸ¥µ', '2022-01-25T16:39:25.000Z'], ['Awesome and very exciting project, it is surely going to be a big player in the market.\n\n@AkarahNsisong\n@Blarksnow\n@AugustineFabia1\n@GodwinOkonBass4\n@steveandyjnr\n\n$CRYN $SOL #Airdrop #solana #SolanaAirdrop #memecoin https://t.co/ktE4mqYUyi', '2022-01-25T16:39:25.000Z'], ['RT @LukaEvans_: ğŸ”¥ AMAZING PROJECT &amp; GIVEAWAY ğŸ”¥\n\nğŸ’ 10 Legendaries to be given away!\n\nâœ… Make sure your holding a @TinyDogzNFT\n \nBuy on MagicEâ€¦', '2022-01-25T16:39:25.000Z'], ['@SolanaNFT_King @lfg_sol @AkeDararat @Lucky6669999 @NFT52141931', '2022-01-25T16:39:25.000Z'], ['RT @nftjakey: ğŸFLASH GIVEAWAY!ğŸ\n\nPrizes: \nğŸ†2X .2 $SOL\nğŸ†1X Rare Duck NFT\nğŸ†5X WL spots\n\nMust: \n1âƒ£Follow @nftjakey and @SolanaDuckB \n2âƒ£RT + LIâ€¦', '2022-01-25T16:39:24.000Z'], ['RT @Mi_Martinez02: Amor, vocÃª Ã© como o sol\nIlumina meu dia, mas queima minha pele. https://t.co/eV75wciiaE', '2022-01-25T16:39:24.000Z'], ['ğŸ¦ THUG #2238 found a new nest for 30.00 SOL\nğŸ’µ $2,814.90 USD\n\n""birdz fly""\n  - @XicoSR\n\n\uea00 @thugbirdz\n\nğŸ“– https://t.co/QpG16fcVVt \nğŸ§¾ https://t.co/YY7FULPLr9 https://t.co/3gw7wiFHr2', '2022-01-25T16:39:24.000Z'], ['RT @CryptoAnglio: ğŸ’°ğŸ’°#NFTGiveaway ğŸ’°ğŸ’°\n\nGiving away @3BananaRepublic\n\nMINT AT 8PM UTC Today ğŸ’\n\nğŸ’°2x NFT\nğŸ’°1x $SOL\n\nTo enter - follow\n1âƒ£@3BananaRâ€¦', '2022-01-25T16:39:24.000Z'], ['RT @LlamasEmpire: ğŸGiveawayğŸ\nWe have the whitelist half completed ğŸ¦™ We will giveaway these @Botborgs worth 6 SOL (580$) + 20 WL spots ğŸ“â€¦', '2022-01-25T16:39:24.000Z']]"
USDC,0.19125,"[['Calling all #Crypto #Gamers, sneak-peeks for your future #eSports and #Metaverse. $MVG investors you are invested in AAA Games and up-coming staking #Gems and Company profits.\n\n#BNB #BTC #ETH #USDT #USDC #ADA #Solana #XRP\n#doge #DOT #AVAX $SHIB #UST #MATIC #ATOM #CRO https://t.co/OtkSxyvLjh', '2022-01-25T16:39:37.000Z'], ['RT @Saros_Finance: ğŸš€ We are excited to introduce #SarosSwap, the core of @Saros_Finance on #Solana along with a huge contest, up to 25,000â€¦', '2022-01-25T16:39:30.000Z'], [""RT @DancingDeerNFT: ğŸ’#NFTGiveaway CollabğŸ’\n\nTo celebrate our partnership with @GroovyTombstone we're giving away 1 #NFT ğŸ€ \n\n1x @GroovyTombstâ€¦"", '2022-01-25T16:39:30.000Z'], ['RT @Saros_Finance: ğŸš€ We are excited to introduce #SarosSwap, the core of @Saros_Finance on #Solana along with a huge contest, up to 25,000â€¦', '2022-01-25T16:39:25.000Z'], ['ğŸŸ© $500K of $USDC Swapped for â¥ $SUSHI via 1inch ğŸ\n\nğŸ‹Tx Value:ğŸ’°$5.19M #0x4dbe96\nhttps://t.co/xgyyCzkShJ', '2022-01-25T16:39:23.000Z'], ['ğŸŸ¢ Swapped $500K in $USDC for $SUSHI on 1inch ğŸ‰\n\nğŸ‹ ($5.19M) 0x4dbe96\nhttps://t.co/ZyYXjCIQbd', '2022-01-25T16:39:18.000Z'], ['RT @Saros_Finance: ğŸš€ We are excited to introduce #SarosSwap, the core of @Saros_Finance on #Solana along with a huge contest, up to 25,000â€¦', '2022-01-25T16:39:16.000Z'], [""@metagategame ğŸ¥³  We're proud to announce that we open first presale round.\n\nâ„¹ï¸ Min/Max Allocation: $25/2000$\n\nğŸ’ Total Allocation: $110,250\n\nğŸ”´  End Date: 18 February (00:00 AM UTC)\n\nâœ… USDT/USDC/BUSD BEP20 ONLY\n\nâš¡ï¸Contribution link: https://t.co/N8R39sulLf"", '2022-01-25T16:39:15.000Z'], ['RT @mavprotocol: To celebrate our Ambassador Program launch, we would love to #Giveaway $500 #USDC to our community!\n\nğŸ“²Follow @mavprotocolâ€¦', '2022-01-25T16:38:57.000Z'], ['@downrightdpad @21Millones_BTC @tHno0k @Snowden Tether possibly, but USDC is backed by paper state-side. UST is algo backed by LUNA as an asset, so that is less time-tested admittedly, but has proven itself through one crash thus far without issue. I definitely wouldnâ€™t put all eggs into one basket, including USDâ€¦', '2022-01-25T16:38:50.000Z']]"
ADA,0.05,"[['Philomena (2013)\n\nHati seorang ibu pasti tersayat ketika ditinggal anaknya. Apalagi ditinggal dr kecil. Selain skandal pelecehan seksual spt Spotlight (2015), ada skandal  perdagangan anak yg libatkan gereja. Film ini masuk nominasi Oscar 2014 di 4 kategori\n\n#Philomena\n#TrueStory', '2022-01-25T16:39:46.000Z'], ['@tokopedia SELALU ADA SELALU BISA\n#TokopediaTVShow #TREASUREdiCantikFest 992', '2022-01-25T16:39:46.000Z'], ['3k only\nCall or WhatsApp 07068327167\nOnitsha\nDelivery nationwide\n@larmmy @Oluwafunnmi @DeleMotors @atomic_nancy @Ada_Ojilibeka @DeleMotors @Oluomoofderby @Vizzy_rayven @NaijaWatch @DONJAZZY \n#nwanyá»‹nightwear\n#chistandesigns https://t.co/AYVMuORX5B', '2022-01-25T16:39:46.000Z'], ['@doluwadamilare1 @Ada_Uli1 Google is your friend', '2022-01-25T16:39:46.000Z'], ['HAH MANA KOK BELUM ADA DI WEB ITU', '2022-01-25T16:39:46.000Z'], ['@danieljeromeayd @VEGAS_ADA_Pool @ADAFrog_Pool @KaizenCrypto @bigpeyYT @cryptorecruitr @RichardMcCrackn @BullishDumpling @hoskytoken @NamiWallet @ccvaultio Hi there! We are Happy to help! Please send us a DM so we can look into the difficulties encountered and assist further. https://t.co/rZHDJScdxP', '2022-01-25T16:39:46.000Z'], ['RT @twt_bajet: Contoh duit derma yang digunakan sebaiknya oleh pengurusan masjid. Anak muda penuh idea untuk menggerakkan masjid. Di tempatâ€¦', '2022-01-25T16:39:46.000Z'], ['Boleh tak, tak payah keja...nak rehat, tak nak runsingÂ², duit ada jah..tak yah asik kerut dahi. Berangan je lah ko, dlm mimpi bolehlah..ğŸ˜­', '2022-01-25T16:39:46.000Z'], ['RT @putrahmadway: Brondong ganteng ngent0t w4ria\nVideo Fulldurasi sampai Crot ada di Grupp ya.\n..\nCuman (150 Ribu) ajah udah bisa masuk keâ€¦', '2022-01-25T16:39:46.000Z'], ['ï¸ï¸ ï¸ï¸ ï¸ï¸ï¸ï¸ ï¸ï¸\nAda bayangmu, ada bayanganmu\nDisetiap mimpiku yang indah\nBayanganmu selalu datang. @kognatif \n ï¸ï¸ ï¸ï¸ ï¸ï¸ï¸ï¸ ï¸ï¸ https://t.co/4EQLxd3lbU', '2022-01-25T16:39:46.000Z']]"
XRP,0.0761904761904762,"[['@Bordeau_XR Stay strong, XRP family will prevail..ğŸ’ªğŸ¼ğŸ’ªğŸ¼', '2022-01-25T16:39:55.000Z'], ['RT @XRP_Tokens: Hinman had already chosen his winner!! April 2018! 2 months before ETH Free pass! 1:10:40secs \n@_XRpizza @JohnEDeaton1 @attâ€¦', '2022-01-25T16:39:55.000Z'], [""Hit â¤â¤ if you haven't sold a single coin during this dip ğŸ’ªğŸ’ªğŸ’¥ğŸ’¯\n\n$btc $eth $luna $Shib $doge $htr $rmrk $qnt $link $xrp $sol $ada https://t.co/BYwBP4M4it"", '2022-01-25T16:39:54.000Z'], [""RT @XRP_Tokens: Call it what you want. It's ICO's.\n @_XRpizza @JohnEDeaton1 @NerdNationUnbox @TAIGxrp @Liz85139 @attorneyjeremy1 @FilanLawâ€¦"", '2022-01-25T16:39:54.000Z'], ['RT @XRMiner_Token: ğŸ¤¼COMMUNITYâ—ï¸ğŸ§‘\u200dğŸ¤\u200dğŸ§‘\n\nğŸ¤¼â›ï¸Community is a big part of our project!!ğŸ¤¼â›ï¸\n\n#XRPL #XRPLCOMMUNITY #CRYPTO #Airdrop \n#XRPLToken #Xuâ€¦', '2022-01-25T16:39:54.000Z'], [""@CrytoKeeper_XRP @catturd2 It's really not though. I don't trust the bureaucrats. I read the studies myself and decide. \n\nhttps://t.co/JvFzgtefEh"", '2022-01-25T16:39:54.000Z'], ['RT @XRMiner_Token: ğŸ¤¼COMMUNITYâ—ï¸ğŸ§‘\u200dğŸ¤\u200dğŸ§‘\n\nğŸ¤¼â›ï¸Community is a big part of our project!!ğŸ¤¼â›ï¸\n\n#XRPL #XRPLCOMMUNITY #CRYPTO #Airdrop \n#XRPLToken #Xuâ€¦', '2022-01-25T16:39:53.000Z'], ['@XRP_OWL @Bitboy_Crypto https://t.co/AWhTBfRh1Y', '2022-01-25T16:39:52.000Z'], ['RT @realXRPwhale: $XRP is a security: ğŸ‡ºğŸ‡¸\n\n#XRP is not a security: ğŸ‡§ğŸ‡ªğŸ‡¦ğŸ‡¨ğŸ‡¦ğŸ‡®ğŸ‡¦ğŸ‡±ğŸ‡¦ğŸ‡²ğŸ‡¦ğŸ‡´ğŸ‡¦ğŸ‡¿ğŸ‡¦ğŸ‡½ğŸ‡¦ğŸ‡¼ğŸ‡¦ğŸ‡ºğŸ‡¦ğŸ‡¹ğŸ‡¦ğŸ‡¬ğŸ‡¦ğŸ‡«ğŸ‡¦ğŸ‡¸ğŸ‡¦ğŸ‡·ğŸ‡¦ğŸ‡ªğŸ‡¦ğŸ‡©ğŸ‡¦ğŸ‡¶ğŸ‡§ğŸ‡¦ğŸ‡§ğŸ‡§ğŸ‡§ğŸ‡©ğŸ‡§ğŸ‡«ğŸ‡§ğŸ‡¬ğŸ‡§ğŸ‡­ğŸ‡§ğŸ‡®ğŸ‡§ğŸ‡¸ğŸ‡§ğŸ‡·ğŸ‡§ğŸ‡¶ğŸ‡§ğŸ‡´ğŸ‡§ğŸ‡³ğŸ‡§ğŸ‡²ğŸ‡§ğŸ‡±ğŸ‡§ğŸ‡¯ğŸ‡§ğŸ‡¹ğŸ‡§ğŸ‡»ğŸ‡§ğŸ‡¾â€¦', '2022-01-25T16:39:52.000Z'], ['RT @XRMiner_Token: ğŸ¤¼COMMUNITYâ—ï¸ğŸ§‘\u200dğŸ¤\u200dğŸ§‘\n\nğŸ¤¼â›ï¸Community is a big part of our project!!ğŸ¤¼â›ï¸\n\n#XRPL #XRPLCOMMUNITY #CRYPTO #Airdrop \n#XRPLToken #Xuâ€¦', '2022-01-25T16:39:52.000Z']]"
LUNA,0.03785714285714286,"[['@flipsidecrypto  terra hunting\nhttps://t.co/s9CBHNh3oN', '2022-01-25T16:40:02.000Z'], ['Aprovecha la luna menguante para realizar este poderoso ritual\n\nhttps://t.co/2kkNRHRHqc', '2022-01-25T16:40:00.000Z'], ['Ingressos, ok.... Luna, ok tudo pronto para prestigiar o coelhÃ£o @AmericaMG https://t.co/CY5y5uc0qI', '2022-01-25T16:39:55.000Z'], [""Hit â¤â¤ if you haven't sold a single coin during this dip ğŸ’ªğŸ’ªğŸ’¥ğŸ’¯\n\n$btc $eth $luna $Shib $doge $htr $rmrk $qnt $link $xrp $sol $ada https://t.co/BYwBP4M4it"", '2022-01-25T16:39:54.000Z'], ['RT @Blush_Erotica: Watch her mind and hands wander as Luna tries to focus on work but can only focus on her sex-starved body. Featuring @Luâ€¦', '2022-01-25T16:39:54.000Z'], ['RT @Anakarine_Mew: Q la luna ilumine tu noche y su luz cobije tu ser .\nEncomiendo al cielo mas bello q cuide de ti hasta Ã©l amanecer .\nDulcâ€¦', '2022-01-25T16:39:54.000Z'], ['RT @S1mplicissimus: Foto espectacular en Sierra Morena; cerca de una necrÃ³polis de la Edad de Bronce.\nÂ¡QuÃ© bonita AndalucÃ­a!\n\nÂ¡SI SEVILLA Nâ€¦', '2022-01-25T16:39:52.000Z'], ['@ElpinshiOrlando @fernandeznorona @FelipeCalderon Peligrosa ? A un borracho q tenia a Garcia Luna encargado de seguridad? Cuantos asesinatos en la presidencia de Borolas?', '2022-01-25T16:39:52.000Z'], ['Que vontade de agredir a Luna, porra ğŸ˜¡', '2022-01-25T16:39:51.000Z'], ['Gives me Luna vibe ğŸ’ƒ https://t.co/yXInTCbHdV', '2022-01-25T16:39:50.000Z']]"
DOT,0.18952380952380954,"[['@TagadoBTC #dot#kusuma#ftm#Atom#link#', '2022-01-25T16:40:09.000Z'], ['@teddyroyg @djfm_dot_com It feels like there is part of this question missing!  Not enough detail! cheating on what? Making music how?', '2022-01-25T16:40:08.000Z'], ['RT @Legitcryptonerd: $Qnt fam, go watch this amazing video by @NCashOfficial\n#Qnt is going to be huge in 2022 and onwards, IN SHA ALLAH\nğŸš€\n$â€¦', '2022-01-25T16:40:08.000Z'], ['@1eonejuarez one dot', '2022-01-25T16:40:08.000Z'], ['ğŸ–± Echo Dot (3Âª generazione) - Altoparlante intelligente con integrazione Alexa - Tessuto ğŸ”¥\n\nâŒ 49,99â‚¬\nâœ… â  â  â  In Offerta a 29,99â‚¬\nâ¡ï¸ https://t.co/XqUayXC4XS â¬…ï¸\n\nğŸ’° Risparmi 20,00â‚¬ (40%)\n\nâš ï¸ I prezzi possono subire variazioni â†ªï¸ Disclaimer â†©ï¸ https://t.co/9Hi66N8Pm5', '2022-01-25T16:40:07.000Z'], ['@unclesketch96 Couldnâ€™t agree more! Weâ€™re building a platform on dot where you can fund clean tech projects while earning rewards ğŸ¤© check us out! ğŸ‘€', '2022-01-25T16:40:06.000Z'], ['@TrellBeyFierce The more I look at these Ivy Park sneaker slides, the more they grow on me. They certainly look as good as these Prada pointed-toe tennis shoes. https://t.co/DtyqkOOhfk', '2022-01-25T16:40:05.000Z'], ['Top ğŸ”Ÿ PERFORMING cryptocurrency this hour\n1. $BTC or #BTC\n2. $POLY or #POLY\n3. $BAT or #BAT\n4. $XTZ or #XTZ\n5. $PLA or #PLA\n6. $DOT or #DOT\n7. $AMP or #AMP\n8. $MANA or #MANA\n9. $REN or #REN\n10. $LTC or #LTC\nShow More https://t.co/Wd1UnIOBEG https://t.co/UKiIT1IKHK', '2022-01-25T16:40:01.000Z'], ['@xkatycatsarah Why did the like have a red dot on it https://t.co/CFqaN2Ohfx', '2022-01-25T16:39:59.000Z'], ['Giga dot com https://t.co/a6ReS7bXXu', '2022-01-25T16:39:58.000Z']]"
AVAX,0.11773437499999999,"[['There is best farm in avax ecosystem ğŸ’ª https://t.co/DzNFKNU5Yu', '2022-01-25T16:40:18.000Z'], ['RT @coinbureau: When it comes to the L1 ecosystem, Avalanche seems to be climbing those rankings. This is thanks to some highly advanced teâ€¦', '2022-01-25T16:40:17.000Z'], ['RT @playumm: Hey everyone! Are you ready to embark on a journey to the moon with #FÄ±ratNFT on #AVAX ?\n\nFÄ±rat NFT Game rewards and the wholeâ€¦', '2022-01-25T16:40:17.000Z'], ['RT @playumm: What is FÄ±ratTicket? ğŸ«\n1 FÄ±ratTicket ğŸ« = 1 Participation ğŸ\nExample: Closed Beta Event / Rewards: 25 AVAX, 1 FÄ±rat NFT , 2 Babyâ€¦', '2022-01-25T16:40:15.000Z'], ['RT @playumm: FÄ±rat Game closed Beta Event begins soon. ğŸš¨\nEvent Rewards:\n-ğŸ”º25 AVAX! \n-ğŸ®1 FIRAT NFT!\n-ğŸ 2 BabyRider NFTs!\nEvent end â° 28.02.2â€¦', '2022-01-25T16:40:14.000Z'], ['RT @avaxto: #AVAX will flip several lower quality projects in the coming months.\n\nSave this tweet. https://t.co/PskjvMNWzm', '2022-01-25T16:40:12.000Z'], ['RT @NacreCrypto: Doing a #GIVEAWAY for the $AVAX community!!\n\n$900 worth of $AVAX\n\nX2 Winners!\n\nJust follow &amp; RT to enter!âœ…âœ…\n\nWinner pickedâ€¦', '2022-01-25T16:40:12.000Z'], ['RT @kriptopoint1: ğŸ‰ğŸÃ‡EKÄ°LÄ°Å ZAMANIğŸğŸ‰\n\n1 kiÅŸiye 150$ #RACA \n1 kiÅŸiye 150$ #CEEK \n1 kiÅŸiye 150$ #Solana\xa0 \n1 kiÅŸiye 150$ #AVAX\xa0 \n1 kiÅŸiye 150$â€¦', '2022-01-25T16:40:11.000Z'], ['RT @kriptozeryan: #Bitcoin\xa0\xa0\xa0\xa0 \n\nğŸ‰ğŸğŸˆÃ‡EKÄ°LÄ°Å VAR ğŸ‰ğŸğŸˆ\nğŸ’µ20 kiÅŸiye toplam 4000ğŸ’²\nğŸ‘‰ğŸ»Bu gÃ¶nderiyi  RTğŸ”„ ve FAVâ¤ï¸\nVe Referans linkim ile kayÄ±t ol:â€¦', '2022-01-25T16:40:11.000Z'], [""RT @Zdeadex: To make you survive this correction all $BTC $ETH $SOL $AVAX... holders, I invite you to join us on the @cosmos ecosystem\n\nI'mâ€¦"", '2022-01-25T16:40:08.000Z']]"
DOGE,0.045,"[['RT @SusanLiTV: Is this enough to sway #McDonalds ğŸŸ\n$mcd\n#dogecoin #doge', '2022-01-25T16:40:30.000Z'], ['RT @KlayDoge: Participate KlayDoge Airdrop!ğŸ\nWe airdrop 500 KDOGE to all participants!\n\nKlayDoge ì—ì–´ë“œëì— ì°¸ì—¬í•˜ì„¸ìš”!ğŸ\nëª¨ë“  ì°¸ì—¬ìì—ê²Œ 500 KDOGEë¥¼ ì—ì–´ë“œë í•©ë‹ˆë‹¤â€¦', '2022-01-25T16:40:29.000Z'], ['@Bitcoin Be on the lookout!\n#Billionaire Doge is here to conquer, as he is launching soon. Supported by over 150 influencers, with a constantly growing community. Donâ€™t miss out on this gem! \nJOIN the TG: https://t.co/XcSIyTGPXs\nJOIN the WL: https://t.co/B7buoB1itdğŸ‘ŒğŸ½68', '2022-01-25T16:40:29.000Z'], [""@elonmusk @McDonalds Pulls up in a Tesla makes order on Tesla phone. Pays with doge. Takes a bite and says I'm loving it."", '2022-01-25T16:40:29.000Z'], ['RT @BTCTN: The top meme asset #dogecoin has lost 23.9% over the last seven days while #SHIBâ€™s value was reduced by 31.1% this week. https:/â€¦', '2022-01-25T16:40:29.000Z'], ['DOGE, desteÄŸi tekrar 0.1270 dolardan baÅŸarÄ±lÄ± bir ÅŸekilde aldÄ± ve bu da boÄŸalarÄ±n bu seviyeyi koruma gÃ¼cÃ¼nÃ¼ gÃ¶steriyor. $DOGE yÃ¼kseliÅŸini sÃ¼rdÃ¼rebilirlerse, fiyat 0,16 dolar civarÄ±ndaki likidite bÃ¶lgesine ulaÅŸabilir.\n\n++++ğŸ‘‡ https://t.co/2kM5vtM5IQ', '2022-01-25T16:40:29.000Z'], [""Elon pushing Doge on McDonald's after calling NFTs annoying is actually COMEDICğŸ˜‚\n\n#blockchain #web3 #GameFi #crypto #DeFi #Metaverse #ElonBust"", '2022-01-25T16:40:28.000Z'], ['@WatcherGuru @BabyDogeCoin Baby doge ğŸš€ğŸš€ğŸš€ğŸš€ğŸš€ğŸš€ğŸš€', '2022-01-25T16:40:28.000Z'], ['RT @Cocochaneladair: Join me in my Space! #TippingTuesday #Doge #Dogecoin #DogeArmy https://t.co/3Xa3NpT2eD', '2022-01-25T16:40:27.000Z'], ['RT @TrustWallet: .@elonmusk if @McDonalds started accepting $DOGE https://t.co/mNfSujxVGD', '2022-01-25T16:40:25.000Z']]"
